number of inner proofs,proof inputs arraysize,constraints,time in s: compile,time in s: setup,time in s: compute-witness,time in s: generate-proof,time in s: verify
one,1,59956,37.21280574798584,37.48303413391113,8.073071002960205,40.503865242004395,0.05599713325500488
two,1,118780,81.95628595352173,74.93214893341064,15.911220073699951,74.13972401618958,0.09799408912658691
four,1,236428,166.74500584602356,153.8138587474823,29.436121225357056,152.95969820022583,0.10061383247375488
