subfolder,time in s: compute-witness,time in s: generate-proof,time in s: verify
1,12.20135498046875,48.10008883476257,0.08940911293029785
2,6.660336971282959,37.147648096084595,0.05050015449523926
4,6.977382183074951,38.23476791381836,0.1239328384399414
8,7.840375185012817,38.08284592628479,0.05480694770812988
16,7.025305747985839844,39.02072286605834961,0.07633310317993164
32,7.358173847198486,39.84467816352844,0.06740999221801758
