number of inner proofs,proof inputs arraysize,constraints,time in s: compile,time in s: setup,time in s: compute-witness,time in s: generate-proof,time in s: verify
one,1,49522,45.265636920928955,33.22307085990906,7.204954147338867,42.101927757263184,0.06266999244689941
two,1,97912,82.87544703483582,147.81402802467346,21.064876794815063,90.348464012146,0.0749521255493164
four,1,194692,137.02359199523926,125.34191608428955,30.394016981124878,156.01348090171814,0.09598994255065918
