type,proof inputs arraysize,constraints,time in s: compile,time in s: setup,time in s: compute-witness,time in s: generate-proof,time in s: verify
one_sig,3,94237,10.773016214370728,15.977664947509766,3.2008860111236572,11.087400913238525,0.02732372283935547
two_sig,5,188403,25.391839027404785,33.08556818962097,6.992965936660767,22.465010166168213,0.026832103729248047
four_sig,9,376733,68.86061310768127,68.36024785041809,13.739264011383057,42.829488039016724,0.037967681884765625
