type,proof inputs arraysize,constraints,time in s: compile,time in s: setup,time in s: compute-witness,time in s: generate-proof,time in s: verify
one_sig,1,94237,20.18536615371704,23.932231187820435,4.117843151092529,14.93934178352356,0.06086111068725586
two_sig,1,187556,41.16941809654236,42.81899905204773,9.460747003555298,26.17800283432007,0.0404202938079834
four_sig,1,374192,85.41608691215515,81.6021728515625,14.857470989227295,44.08307886123657,0.03137016296386719
